SNP1,SNP2,SNP1_effect,SNP1_Pvalue,SNP2_effect,SNP2_Pvalue,interaction_effect,interaction_Pvalue,adj_int_Pvalue,SNP1_bp,SNP1_chromosome,SNP1_cM,SNP2_bp,SNP2_chromosome,SNP2_cM,S1_Nearest_gene,S1_Nearest_gene_Start_pos,S1_Nearest_gene_End_pos,S1_Nearest_gene_distance_in_bp,S1_Nearest_gene_des,S2_Nearest_gene,S2_Nearest_gene_Startpos,S2_Nearest_gene_Endpos,S2_Nearest_gene_distance_in_bp,S2_Nearest_gene_des,,,,
rs3163007,rs13459102,-0.002063669,0.634320555,-0.098932949,1.60E-06,0.106176679,9.28E-11,0.003980384,64041110,1,31.6501,25022668,8,13.2311,Mir6899,64042438,64042501,1359.5,,Tm2d2,25017211,25023260,2432.5,TM2 domain containing 2,,,,
rs3163007,rs13479654,-0.002124597,0.623809104,-0.100812888,1.05E-06,0.108981848,4.03E-11,0.001728168,64041110,1,31.6501,25178115,8,13.3665,Mir6899,64042438,64042501,1359.5,,Mir8108,25159125,25159233,18936,,,,,
rs3162895,rs13479654,-0.001829999,0.67363584,-0.100536367,1.13E-06,0.108686842,4.58E-11,0.00196586,64201441,1,31.943,25178115,8,13.3665,Gm28981,64185991,64303043,43076,,Mir8108,25159125,25159233,18936,,,,,
rs3163007,rs13479656,-0.002114023,0.625968726,-0.093627805,4.84E-06,0.10517751,1.34E-10,0.005743614,64041110,1,31.6501,25532425,8,13.6753,Mir6899,64042438,64042501,1359.5,,Fgfr1,25513654,25575718,12261,fibroblast growth factor receptor 1,,,,
rs3162895,rs3704385,-0.001820651,0.675589723,-0.093280333,5.10E-06,0.104871422,1.52E-10,0.006516666,64201441,1,31.943,26304761,8,14.2099,Gm28981,64185991,64303043,43076,,Gm31784,26298352,26312334,582,,,,,
rs6212146,rs3704385,-0.001537458,0.724320311,-0.093017887,5.44E-06,0.104587651,1.71E-10,0.007333756,64407498,1,32.1188,26304761,8,14.2099,Gm25748,64396334,64396403,11129.5,,Gm31784,26298352,26312334,582,,,,,
rs13476400,rs3694031,0.009540726,0.372609359,0.034902877,1.08E-11,-0.093718519,8.82E-11,0.003785918,28469580,2,21.8267,34914880,7,17.2493,Mrps2,28468066,28471178,42,mitochondrial ribosomal protein S2,Gm25922,34943856,34943985,29040.5,,,,,
rs13476402,rs3663861,0.000759409,0.938726502,0.009261931,0.126772763,-0.125904302,3.24E-13,1.39E-05,28879535,2,22.1089,69654970,9,43.5748,Ddx31,28840406,28905571,6546.5,DEAD/H (Asp-Glu-Ala-Asp/His) box polypeptide 31,Gm47203,69599307,69599754,55439.5,,,,,
rs3023797,rs3719311,0.003202964,0.750209388,0.036673747,1.72E-10,-0.107020742,3.05E-11,0.001308762,29086816,2,22.2516,34233063,7,16.2872,Gm13393,29088666,29094501,4767.5,,Gm12762,34230420,34234102,802,,,,,
rs13476400,rs6239372,0.009486899,0.375153091,0.034966799,9.83E-12,-0.093784137,8.54E-11,0.003665166,28469580,2,21.8267,34698851,7,17.1564,Mrps2,28468066,28471178,42,mitochondrial ribosomal protein S2,Gm12756,34665413,34673999,29145,,,,,
rs13476402,rs6239372,0.009486899,0.375153091,0.034966799,9.83E-12,-0.093784137,8.54E-11,0.003665166,28879535,2,22.1089,34698851,7,17.1564,Ddx31,28840406,28905571,6546.5,DEAD/H (Asp-Glu-Ala-Asp/His) box polypeptide 31,Gm12756,34665413,34673999,29145,,,,,
rs3023797,rs6239372,0.008691723,0.411794916,0.03490676,1.11E-11,-0.093164503,9.81E-11,0.004208368,29086816,2,22.2516,34698851,7,17.1564,Gm13393,29088666,29094501,4767.5,,Gm12756,34665413,34673999,29145,,,,,
rs13476402,rs3694031,0.009540726,0.372609359,0.034902877,1.08E-11,-0.093718519,8.82E-11,0.003785918,28879535,2,22.1089,34914880,7,17.2493,Ddx31,28840406,28905571,6546.5,DEAD/H (Asp-Glu-Ala-Asp/His) box polypeptide 31,Gm25922,34943856,34943985,29040.5,,,,,
rs6308258,rs3663861,0.000759409,0.938726502,0.009261931,0.126772763,-0.125904302,3.24E-13,1.39E-05,28546192,2,21.8794,69654970,9,43.5748,Ralgds,28513125,28553081,13089,ral guanine nucleotide dissociation stimulator,Gm47203,69599307,69599754,55439.5,,,,,
rs3023797,rs3663861,-0.000204734,0.983436646,0.009001963,0.138873505,-0.120237388,2.15E-12,9.24E-05,29086816,2,22.2516,69654970,9,43.5748,Gm13393,29088666,29094501,4767.5,,Gm47203,69599307,69599754,55439.5,,,,,
rs13476402,rs3719311,0.003879112,0.702377934,0.036743909,1.55E-10,-0.107567457,2.70E-11,0.001156793,28879535,2,22.1089,34233063,7,16.2872,Ddx31,28840406,28905571,6546.5,DEAD/H (Asp-Glu-Ala-Asp/His) box polypeptide 31,Gm12762,34230420,34234102,802,,,,,
rs6308258,rs3694031,0.009540726,0.372609359,0.034902877,1.08E-11,-0.093718519,8.82E-11,0.003785918,28546192,2,21.8794,34914880,7,17.2493,Ralgds,28513125,28553081,13089,ral guanine nucleotide dissociation stimulator,Gm25922,34943856,34943985,29040.5,,,,,
rs3023797,rs3694031,0.008745618,0.4090622,0.034842716,1.22E-11,-0.093098869,1.01E-10,0.004347336,29086816,2,22.2516,34914880,7,17.2493,Gm13393,29088666,29094501,4767.5,,Gm25922,34943856,34943985,29040.5,,,,,
rs13476400,rs13479188,0.008912406,0.403743225,0.033743196,5.12E-11,-0.093314425,1.15E-10,0.004947715,28469580,2,21.8267,35339838,7,17.7493,Mrps2,28468066,28471178,42,mitochondrial ribosomal protein S2,Rhpn2,35334170,35392289,23391.5,"rhophilin, Rho GTPase binding protein 2",,,,
rs13476402,rs13479188,0.008912406,0.403743225,0.033743196,5.12E-11,-0.093314425,1.15E-10,0.004947715,28879535,2,22.1089,35339838,7,17.7493,Ddx31,28840406,28905571,6546.5,DEAD/H (Asp-Glu-Ala-Asp/His) box polypeptide 31,Rhpn2,35334170,35392289,23391.5,"rhophilin, Rho GTPase binding protein 2",,,,
rs13476400,rs3663861,0.000759409,0.938726502,0.009261931,0.126772763,-0.125904302,3.24E-13,1.39E-05,28469580,2,21.8267,69654970,9,43.5748,Mrps2,28468066,28471178,42,mitochondrial ribosomal protein S2,Gm47203,69599307,69599754,55439.5,,,,,
rs13469412,rs3679568,0.038338315,8.89E-09,0.010514609,0.090847339,-0.046044444,1.09E-10,0.004672364,129133754,2,69.5069,13372771,6,4.12338,Chchd5,129129700,129134134,1837,coiled-coil-helix-coiled-coil-helix domain containing 5,1700016P04Rik,13413337,13415996,41895.5,,,,,
rs13476400,rs3719311,0.003879112,0.702377934,0.036743909,1.55E-10,-0.107567457,2.70E-11,0.001156793,28469580,2,21.8267,34233063,7,16.2872,Mrps2,28468066,28471178,42,mitochondrial ribosomal protein S2,Gm12762,34230420,34234102,802,,,,,
rs6308258,rs3719311,0.003879112,0.702377934,0.036743909,1.55E-10,-0.107567457,2.70E-11,0.001156793,28546192,2,21.8794,34233063,7,16.2872,Ralgds,28513125,28553081,13089,ral guanine nucleotide dissociation stimulator,Gm12762,34230420,34234102,802,,,,,
rs6308258,rs6239372,0.009486899,0.375153091,0.034966799,9.83E-12,-0.093784137,8.54E-11,0.003665166,28546192,2,21.8794,34698851,7,17.1564,Ralgds,28513125,28553081,13089,ral guanine nucleotide dissociation stimulator,Gm12756,34665413,34673999,29145,,,,,
rs6308258,rs13479188,0.008912406,0.403743225,0.033743196,5.12E-11,-0.093314425,1.15E-10,0.004947715,28546192,2,21.8794,35339838,7,17.7493,Ralgds,28513125,28553081,13089,ral guanine nucleotide dissociation stimulator,Rhpn2,35334170,35392289,23391.5,"rhophilin, Rho GTPase binding protein 2",,,,
rs13476396,rs3663861,0.019123091,0.054606222,0.007172452,0.235770623,-0.130872345,9.29E-12,0.000398565,27645541,2,21.2594,69654970,9,43.5748,Rxra,27676440,27762957,74157.5,retinoid X receptor alpha,Gm47203,69599307,69599754,55439.5,,,,,
rs4223708,rs3694208,-0.00694129,0.19421649,-0.01349969,0.096566385,0.061415715,5.67E-11,0.002431231,8560978,3,0.4,14696195,8,4.28165,Stmn2,8509360,8561606,25495,stathmin-like 2,C030037F17Rik,14745329,14747427,50183,,,,,
rs4223708,rs4140004,-0.002773832,0.589162567,-0.013744536,0.140598806,0.071474339,2.19E-10,0.009398945,8560978,3,0.4,22532754,8,9.5257,Stmn2,8509360,8561606,25495,stathmin-like 2,Slc20a2,22476788,22569612,9554,"solute carrier family 20, member 2",,,,
rs3689073,rs13479753,-0.001534358,0.709297725,0.188116675,1.78E-10,-0.148864247,5.22E-11,0.002238605,7385255,3,0.0958321,50552060,8,28.4028,Pkia,7366669,7445366,20762.5,"protein kinase inhibitor, alpha",Gm23986,50563241,50563303,11212,,,,,
rs13476961,rs6322205,-0.001586536,0.70003469,0.188069135,1.80E-10,-0.148812068,5.30E-11,0.002274242,6807955,3,0.0813688,51103153,8,28.4093,Olfr289-ps1,6751704,6752072,56067,,Gm45386,51137630,51137847,34585.5,,,,,
rs3725706,rs13480205,-0.045215109,1.86E-08,-0.038270725,3.78E-09,0.043199597,2.46E-11,0.001055222,41746533,3,20.9905,54530070,9,33.1947,D3Ertd751e,41742611,41803320,26432.5,"DNA segment, Chr 3, ERATO Doi 751, expressed",Gm25980,54537185,54537402,7223.5,,,,,
rs6324747,rs13480302,-0.035417757,3.65E-08,-0.038312751,5.36E-07,0.043469126,5.19E-11,0.002228629,40032479,3,20.3398,80732821,9,51.5516,Gm42785,39823577,39827411,206985,,Gm39380,80709995,80713723,20962,,,,,
rs3672384,rs3670195,0.024340805,1.06E-05,0.043122847,1.52E-09,-0.049208942,2.17E-11,0.000929818,62880707,3,29.8076,81265878,9,51.7174,Gm9701,62923807,62924233,43313,,Gm26713,80955436,81203591,186364.5,,,,,
rs6175921,rs13480302,-0.032404057,1.08E-07,-0.036804482,6.49E-07,0.042341273,4.10E-11,0.001757987,67370607,4,44.8056,80732821,9,51.5516,Hmgb1-rs18,67518306,67518932,148012,,Gm39380,80709995,80713723,20962,,,,,
rs3718146,rs13480302,-0.032406343,1.04E-07,-0.036761998,6.48E-07,0.042338758,3.97E-11,0.001701767,67229453,4,44.7938,80732821,9,51.5516,Gm11403,67165479,67165847,63790,,Gm39380,80709995,80713723,20962,,,,,
rs13477755,rs13480302,-0.032193272,1.20E-07,-0.036727259,6.45E-07,0.042363504,3.74E-11,0.001602963,67912347,4,44.8508,80732821,9,51.5516,Gm11249,67930881,67931739,18963,,Gm39380,80709995,80713723,20962,,,,,
rs13478570,rs13480638,0.033206716,2.12E-06,0.019309429,0.006748743,-0.039047321,6.38E-11,0.002736458,142647261,5,96.4868,69444667,10,40.4884,Wipi2,142627698,142670588,1882,"WD repeat domain, phosphoinositide interacting 2",Gm18636,69422683,69423748,21451.5,,,,,
rs3686975,rs3708535,-0.01654459,0.004489462,-0.025898553,0.000239625,0.042668915,1.05E-12,4.50E-05,109979745,7,58.5279,86838897,14,36.7376,Tmem41b,109972187,109986929,187,transmembrane protein 41B,Diaph3,86655367,87141235,59404,diaphanous related formin 3,,,,
rs13479196,rs13479566,0.030278071,1.53E-06,0.032604843,1.67E-06,-0.050903234,3.86E-13,1.65E-05,37480797,7,20.5338,142462522,7,88.6543,Gm44806,37465120,37467422,14526,,Lsp1,142460809,142494867,15316,lymphocyte specific 1,,,,
rs13479757,rs3679439,0.135606894,2.93E-09,-0.003652021,0.563241561,-0.139882726,1.53E-10,0.006576285,51454904,8,28.4134,97128561,8,49.4815,Gm17911,51453395,51454271,1071,,Gm45703,97149419,97164356,28326.5,,,,,
rs3697959,rs3725510,0.128933779,5.13E-09,0.003884406,0.566946528,-0.143043151,3.83E-11,0.001642556,50837091,8,28.4062,102237571,8,51.1678,C130073E24Rik,50743291,50916997,6947,,Gm24602,102523894,102523956,286354,,,,,
rs6322205,rs3664869,0.135606894,2.93E-09,-0.003652021,0.563241561,-0.139882726,1.53E-10,0.006576285,51103153,8,28.4093,96886065,8,49.3778,Gm45386,51137630,51137847,34585.5,,Gm24132,96656129,96656219,229891,,,,,
rs13479757,rs3664869,0.135606894,2.93E-09,-0.003652021,0.563241561,-0.139882726,1.53E-10,0.006576285,51454904,8,28.4134,96886065,8,49.3778,Gm17911,51453395,51454271,1071,,Gm24132,96656129,96656219,229891,,,,,
rs13479755,rs3663506,0.137536713,1.77E-09,0.002895913,0.64241268,-0.14643066,2.03E-11,0.000872454,50954215,8,28.4075,97708630,8,49.6345,C130073E24Rik,50743291,50916997,124071,,Gm39231,97840048,97847267,135027.5,,,,,
rs6322205,rs3663506,0.137536713,1.77E-09,0.002895913,0.64241268,-0.14643066,2.03E-11,0.000872454,51103153,8,28.4093,97708630,8,49.6345,Gm45386,51137630,51137847,34585.5,,Gm39231,97840048,97847267,135027.5,,,,,
rs3697959,rs3721390,0.128933779,5.13E-09,0.003884406,0.566946528,-0.143043151,3.83E-11,0.001642556,50837091,8,28.4062,100433007,8,51.1445,C130073E24Rik,50743291,50916997,6947,,Gm45296,100438758,100438962,5853,,,,,
rs6244635,rs3725510,0.128933779,5.13E-09,0.003884406,0.566946528,-0.143043151,3.83E-11,0.001642556,51213397,8,28.4106,102237571,8,51.1678,Gm32975,51177683,51180608,34251.5,,Gm24602,102523894,102523956,286354,,,,,
rs13479654,rs13479993,0.052975753,4.37E-06,-0.000116727,0.985806086,-0.123691184,1.53E-10,0.00654386,25178115,8,13.3665,112929203,8,60.9585,Mir8108,25159125,25159233,18936,,Gm45904,112880460,113004997,13525.5,,,,,
rs3697959,rs13479993,0.124231957,3.89E-09,-0.003376531,0.603362635,-0.159718602,1.10E-11,0.000473406,50837091,8,28.4062,112929203,8,60.9585,C130073E24Rik,50743291,50916997,6947,,Gm45904,112880460,113004997,13525.5,,,,,
rs13480793,rs13482148,0.039028289,3.05E-08,0.022765569,0.000130309,-0.044492873,6.98E-11,0.002993955,121028054,10,74.1288,41186714,14,15.8347,Gm48341,120984756,121001061,35145.5,,Gm47114,41191401,41191653,4813,,,,,
rs13481249,rs3699140,-0.029260699,6.26E-05,-0.019510061,0.0012578,0.045686247,1.31E-10,0.005607567,116541583,11,89.0189,84870915,14,36.4158,Sphk1,116530925,116536675,7783,sphingosine kinase 1,Gm7004,84757626,84759083,112560.5,,,,,
rs3670719,rs13482019,0.056167585,0.000195468,-0.005795276,0.196590783,-0.081680526,2.12E-11,0.000911057,69092054,13,33.7209,112768413,13,65.458,Gm26844,69141229,69143965,50543,,Gm47850,112764848,112765616,3181,,,,,
rs3670719,rs13482018,0.055145881,0.000284474,-0.005851256,0.193037496,-0.08028348,6.00E-11,0.002574191,69092054,13,33.7209,112636265,13,65.4482,Gm26844,69141229,69143965,50543,,Ddx4,112598333,112652475,10861,DEAD (Asp-Glu-Ala-Asp) box polypeptide 4,,,,
rs6367778,rs3719853,0.051474201,0.000217228,0.003496403,0.433845156,-0.080541031,4.14E-12,0.000177547,69366946,13,33.8302,113197350,13,65.4897,Gm4812,69345655,69346647,20795,,Gzmk,113171608,113225908,1408,granzyme K,,,,
rs3670719,rs13482016,-0.100382966,3.28E-13,0.007397921,0.088955262,0.077950055,8.99E-11,0.003857388,69092054,13,33.7209,111953056,13,65.3574,Gm26844,69141229,69143965,50543,,Gm15322,111991466,111995486,40420,,,,,
rs3670719,rs3719853,0.062799387,3.37E-05,0.003715838,0.401270323,-0.08975835,1.93E-13,8.28E-06,69092054,13,33.7209,113197350,13,65.4897,Gm26844,69141229,69143965,50543,,Gzmk,113171608,113225908,1408,granzyme K,,,,
rs3670719,rs4230072,-0.099499618,5.22E-13,0.008383598,0.053670989,0.077107151,1.39E-10,0.005983039,69092054,13,33.7209,112738158,13,65.4557,Gm26844,69141229,69143965,50543,,Gm47850,112764848,112765616,27074,,,,,
rs6367778,rs13483571,-0.014720661,0.074634686,0.021587278,0.024568749,-0.212893625,7.63E-11,0.00327398,69366946,13,33.8302,24352460,19,19.4298,Gm4812,69345655,69346647,20795,,Gm16216,24289716,24290826,62189,,,,,
